"File Name","GitHub Link","Last Modified"
".vscode/settings.json","https://github.com/Hardik-1226/Bootcamp-Testing-26/blob/main/.vscode/settings.json","2026-07-16 23:19:18"
"Testing-Training/_HOLLAND & BARRETT_STLC_Documentation_TestScenarios - Copy of Test Scenarios (1).pdf","https://github.com/Hardik-1226/Bootcamp-Testing-26/blob/main/Testing-Training/_HOLLAND%20%26%20BARRETT_STLC_Documentation_TestScenarios%20-%20Copy%20of%20Test%20Scenarios%20(1).pdf","2026-07-03 15:46:56"
"Testing-Training/_HOLLAND & BARRETT_STLC_Documentation_TestScenarios - Test Scenarios.pdf","https://github.com/Hardik-1226/Bootcamp-Testing-26/blob/main/Testing-Training/_HOLLAND%20%26%20BARRETT_STLC_Documentation_TestScenarios%20-%20Test%20Scenarios.pdf","2026-07-03 15:35:04"
"Testing-Training/1 july.md","https://github.com/Hardik-1226/Bootcamp-Testing-26/blob/main/Testing-Training/1%20july.md","2026-07-16 15:47:29"
"Testing-Training/Abstraction/bin/AbstractTestDemo/bank.class","https://github.com/Hardik-1226/Bootcamp-Testing-26/blob/main/Testing-Training/Abstraction/bin/AbstractTestDemo/bank.class","2026-07-16 15:47:29"
"Testing-Training/Abstraction/bin/AbstractTestDemo/BankTestDemo.class","https://github.com/Hardik-1226/Bootcamp-Testing-26/blob/main/Testing-Training/Abstraction/bin/AbstractTestDemo/BankTestDemo.class","2026-07-16 15:47:29"
"Testing-Training/Abstraction/bin/AbstractTestDemo/hdfc.class","https://github.com/Hardik-1226/Bootcamp-Testing-26/blob/main/Testing-Training/Abstraction/bin/AbstractTestDemo/hdfc.class","2026-07-16 15:47:29"
"Testing-Training/Abstraction/bin/AbstractTestDemo/sbi.class","https://github.com/Hardik-1226/Bootcamp-Testing-26/blob/main/Testing-Training/Abstraction/bin/AbstractTestDemo/sbi.class","2026-07-16 15:47:29"
"Testing-Training/Abstraction/src/AbstractTestDemo/BankTestDemo.java","https://github.com/Hardik-1226/Bootcamp-Testing-26/blob/main/Testing-Training/Abstraction/src/AbstractTestDemo/BankTestDemo.java","2026-07-16 15:47:29"
"Testing-Training/automation_testing_Selenium/NavigationCommands/pom.xml","https://github.com/Hardik-1226/Bootcamp-Testing-26/blob/main/Testing-Training/automation_testing_Selenium/NavigationCommands/pom.xml","2026-07-16 15:47:30"
"Testing-Training/automation_testing_Selenium/NavigationCommands/src/test/java/com/NavigationCommand/Example/Browser_navigation_test.java","https://github.com/Hardik-1226/Bootcamp-Testing-26/blob/main/Testing-Training/automation_testing_Selenium/NavigationCommands/src/test/java/com/NavigationCommand/Example/Browser_navigation_test.java","2026-07-16 15:47:30"
"Testing-Training/automation_testing_Selenium/NavigationCommands/src/test/java/com/NavigationCommand/Example/navigation_demo.java","https://github.com/Hardik-1226/Bootcamp-Testing-26/blob/main/Testing-Training/automation_testing_Selenium/NavigationCommands/src/test/java/com/NavigationCommand/Example/navigation_demo.java","2026-07-16 15:47:30"
"Testing-Training/automation_testing_Selenium/NavigationCommands/target/classes/META-INF/MANIFEST.MF","https://github.com/Hardik-1226/Bootcamp-Testing-26/blob/main/Testing-Training/automation_testing_Selenium/NavigationCommands/target/classes/META-INF/MANIFEST.MF","2026-07-16 15:47:30"
"Testing-Training/automation_testing_Selenium/NavigationCommands/target/classes/META-INF/maven/WebDriverChromeLaunch/LauchingChromeBrwoser/pom.properties","https://github.com/Hardik-1226/Bootcamp-Testing-26/blob/main/Testing-Training/automation_testing_Selenium/NavigationCommands/target/classes/META-INF/maven/WebDriverChromeLaunch/LauchingChromeBrwoser/pom.properties","2026-07-16 15:47:30"
"Testing-Training/automation_testing_Selenium/NavigationCommands/target/classes/META-INF/maven/WebDriverChromeLaunch/LauchingChromeBrwoser/pom.xml","https://github.com/Hardik-1226/Bootcamp-Testing-26/blob/main/Testing-Training/automation_testing_Selenium/NavigationCommands/target/classes/META-INF/maven/WebDriverChromeLaunch/LauchingChromeBrwoser/pom.xml","2026-07-16 15:47:30"
"Testing-Training/automation_testing_Selenium/NavigationCommands/target/test-classes/com/NavigationCommand/Example/Browser_navigation_test.class","https://github.com/Hardik-1226/Bootcamp-Testing-26/blob/main/Testing-Training/automation_testing_Selenium/NavigationCommands/target/test-classes/com/NavigationCommand/Example/Browser_navigation_test.class","2026-07-16 23:19:18"
"Testing-Training/automation_testing_Selenium/NavigationCommands/target/test-classes/com/NavigationCommand/Example/navigation_demo.class","https://github.com/Hardik-1226/Bootcamp-Testing-26/blob/main/Testing-Training/automation_testing_Selenium/NavigationCommands/target/test-classes/com/NavigationCommand/Example/navigation_demo.class","2026-07-16 23:19:18"
"Testing-Training/automation_testing_Selenium/NavigationCommands/testng.xml","https://github.com/Hardik-1226/Bootcamp-Testing-26/blob/main/Testing-Training/automation_testing_Selenium/NavigationCommands/testng.xml","2026-07-16 15:47:30"
"Testing-Training/automation_testing_Selenium/NavigationCommands/test-output/Browser Navigation Suite/Chrome Test.html","https://github.com/Hardik-1226/Bootcamp-Testing-26/blob/main/Testing-Training/automation_testing_Selenium/NavigationCommands/test-output/Browser%20Navigation%20Suite/Chrome%20Test.html","2026-07-16 15:47:30"
"Testing-Training/automation_testing_Selenium/NavigationCommands/test-output/Browser Navigation Suite/Chrome Test.xml","https://github.com/Hardik-1226/Bootcamp-Testing-26/blob/main/Testing-Training/automation_testing_Selenium/NavigationCommands/test-output/Browser%20Navigation%20Suite/Chrome%20Test.xml","2026-07-16 15:47:30"
"Testing-Training/automation_testing_Selenium/NavigationCommands/test-output/Browser Navigation Suite/Edge Test.html","https://github.com/Hardik-1226/Bootcamp-Testing-26/blob/main/Testing-Training/automation_testing_Selenium/NavigationCommands/test-output/Browser%20Navigation%20Suite/Edge%20Test.html","2026-07-16 15:47:30"
"Testing-Training/automation_testing_Selenium/NavigationCommands/test-output/Browser Navigation Suite/Edge Test.xml","https://github.com/Hardik-1226/Bootcamp-Testing-26/blob/main/Testing-Training/automation_testing_Selenium/NavigationCommands/test-output/Browser%20Navigation%20Suite/Edge%20Test.xml","2026-07-16 15:47:30"
"Testing-Training/automation_testing_Selenium/NavigationCommands/test-output/Browser Navigation Suite/Firefox Test.html","https://github.com/Hardik-1226/Bootcamp-Testing-26/blob/main/Testing-Training/automation_testing_Selenium/NavigationCommands/test-output/Browser%20Navigation%20Suite/Firefox%20Test.html","2026-07-16 15:47:30"
"Testing-Training/automation_testing_Selenium/NavigationCommands/test-output/Browser Navigation Suite/Firefox Test.xml","https://github.com/Hardik-1226/Bootcamp-Testing-26/blob/main/Testing-Training/automation_testing_Selenium/NavigationCommands/test-output/Browser%20Navigation%20Suite/Firefox%20Test.xml","2026-07-16 15:47:30"
"Testing-Training/automation_testing_Selenium/NavigationCommands/test-output/Browser Navigation Suite/testng-failed.xml","https://github.com/Hardik-1226/Bootcamp-Testing-26/blob/main/Testing-Training/automation_testing_Selenium/NavigationCommands/test-output/Browser%20Navigation%20Suite/testng-failed.xml","2026-07-16 15:47:30"
"Testing-Training/automation_testing_Selenium/NavigationCommands/test-output/bullet_point.png","https://github.com/Hardik-1226/Bootcamp-Testing-26/blob/main/Testing-Training/automation_testing_Selenium/NavigationCommands/test-output/bullet_point.png","2026-07-16 15:47:30"
"Testing-Training/automation_testing_Selenium/NavigationCommands/test-output/collapseall.gif","https://github.com/Hardik-1226/Bootcamp-Testing-26/blob/main/Testing-Training/automation_testing_Selenium/NavigationCommands/test-output/collapseall.gif","2026-07-16 15:47:30"
"Testing-Training/automation_testing_Selenium/NavigationCommands/test-output/Default suite/Default test.html","https://github.com/Hardik-1226/Bootcamp-Testing-26/blob/main/Testing-Training/automation_testing_Selenium/NavigationCommands/test-output/Default%20suite/Default%20test.html","2026-07-16 15:47:30"
"Testing-Training/automation_testing_Selenium/NavigationCommands/test-output/Default suite/Default test.xml","https://github.com/Hardik-1226/Bootcamp-Testing-26/blob/main/Testing-Training/automation_testing_Selenium/NavigationCommands/test-output/Default%20suite/Default%20test.xml","2026-07-16 15:47:30"
"Testing-Training/automation_testing_Selenium/NavigationCommands/test-output/Default suite/testng-failed.xml","https://github.com/Hardik-1226/Bootcamp-Testing-26/blob/main/Testing-Training/automation_testing_Selenium/NavigationCommands/test-output/Default%20suite/testng-failed.xml","2026-07-16 15:47:30"
"Testing-Training/automation_testing_Selenium/NavigationCommands/test-output/emailable-report.html","https://github.com/Hardik-1226/Bootcamp-Testing-26/blob/main/Testing-Training/automation_testing_Selenium/NavigationCommands/test-output/emailable-report.html","2026-07-16 15:47:30"
"Testing-Training/automation_testing_Selenium/NavigationCommands/test-output/failed.png","https://github.com/Hardik-1226/Bootcamp-Testing-26/blob/main/Testing-Training/automation_testing_Selenium/NavigationCommands/test-output/failed.png","2026-07-16 15:47:30"
"Testing-Training/automation_testing_Selenium/NavigationCommands/test-output/index.html","https://github.com/Hardik-1226/Bootcamp-Testing-26/blob/main/Testing-Training/automation_testing_Selenium/NavigationCommands/test-output/index.html","2026-07-16 15:47:30"
"Testing-Training/automation_testing_Selenium/NavigationCommands/test-output/jquery-3.6.0.min.js","https://github.com/Hardik-1226/Bootcamp-Testing-26/blob/main/Testing-Training/automation_testing_Selenium/NavigationCommands/test-output/jquery-3.6.0.min.js","2026-07-16 15:47:30"
"Testing-Training/automation_testing_Selenium/NavigationCommands/test-output/junitreports/TEST-com.NavigationCommand.Example.Browser_navigation_test.xml","https://github.com/Hardik-1226/Bootcamp-Testing-26/blob/main/Testing-Training/automation_testing_Selenium/NavigationCommands/test-output/junitreports/TEST-com.NavigationCommand.Example.Browser_navigation_test.xml","2026-07-16 15:47:30"
"Testing-Training/automation_testing_Selenium/NavigationCommands/test-output/junitreports/TEST-com.NavigationCommand.Example.navigation_demo.xml","https://github.com/Hardik-1226/Bootcamp-Testing-26/blob/main/Testing-Training/automation_testing_Selenium/NavigationCommands/test-output/junitreports/TEST-com.NavigationCommand.Example.navigation_demo.xml","2026-07-16 15:47:30"
"Testing-Training/automation_testing_Selenium/NavigationCommands/test-output/navigator-bullet.png","https://github.com/Hardik-1226/Bootcamp-Testing-26/blob/main/Testing-Training/automation_testing_Selenium/NavigationCommands/test-output/navigator-bullet.png","2026-07-16 15:47:30"
"Testing-Training/automation_testing_Selenium/NavigationCommands/test-output/passed.png","https://github.com/Hardik-1226/Bootcamp-Testing-26/blob/main/Testing-Training/automation_testing_Selenium/NavigationCommands/test-output/passed.png","2026-07-16 15:47:30"
"Testing-Training/automation_testing_Selenium/NavigationCommands/test-output/skipped.png","https://github.com/Hardik-1226/Bootcamp-Testing-26/blob/main/Testing-Training/automation_testing_Selenium/NavigationCommands/test-output/skipped.png","2026-07-16 15:47:30"
"Testing-Training/automation_testing_Selenium/NavigationCommands/test-output/testng-failed.xml","https://github.com/Hardik-1226/Bootcamp-Testing-26/blob/main/Testing-Training/automation_testing_Selenium/NavigationCommands/test-output/testng-failed.xml","2026-07-16 15:47:30"
"Testing-Training/automation_testing_Selenium/NavigationCommands/test-output/testng-reports.css","https://github.com/Hardik-1226/Bootcamp-Testing-26/blob/main/Testing-Training/automation_testing_Selenium/NavigationCommands/test-output/testng-reports.css","2026-07-16 15:47:30"
"Testing-Training/automation_testing_Selenium/NavigationCommands/test-output/testng-reports.js","https://github.com/Hardik-1226/Bootcamp-Testing-26/blob/main/Testing-Training/automation_testing_Selenium/NavigationCommands/test-output/testng-reports.js","2026-07-16 15:47:30"
"Testing-Training/automation_testing_Selenium/NavigationCommands/test-output/testng-reports1.css","https://github.com/Hardik-1226/Bootcamp-Testing-26/blob/main/Testing-Training/automation_testing_Selenium/NavigationCommands/test-output/testng-reports1.css","2026-07-16 15:47:30"
"Testing-Training/automation_testing_Selenium/NavigationCommands/test-output/testng-reports2.js","https://github.com/Hardik-1226/Bootcamp-Testing-26/blob/main/Testing-Training/automation_testing_Selenium/NavigationCommands/test-output/testng-reports2.js","2026-07-16 15:47:30"
"Testing-Training/automation_testing_Selenium/NavigationCommands/test-output/testng-results.xml","https://github.com/Hardik-1226/Bootcamp-Testing-26/blob/main/Testing-Training/automation_testing_Selenium/NavigationCommands/test-output/testng-results.xml","2026-07-16 15:47:30"
"Testing-Training/BDDFirstTestCase/bin/com/BDDTestCase/TestExample.class","https://github.com/Hardik-1226/Bootcamp-Testing-26/blob/main/Testing-Training/BDDFirstTestCase/bin/com/BDDTestCase/TestExample.class","2026-07-16 15:47:30"
"Testing-Training/BDDFirstTestCase/Feature/pom.xml","https://github.com/Hardik-1226/Bootcamp-Testing-26/blob/main/Testing-Training/BDDFirstTestCase/Feature/pom.xml","2026-07-16 15:47:29"
"Testing-Training/BDDFirstTestCase/Feature/src/test/java/com/NavigationCommand/Example/navigation_demo.java","https://github.com/Hardik-1226/Bootcamp-Testing-26/blob/main/Testing-Training/BDDFirstTestCase/Feature/src/test/java/com/NavigationCommand/Example/navigation_demo.java","2026-07-16 15:47:29"
"Testing-Training/BDDFirstTestCase/Feature/target/classes/META-INF/MANIFEST.MF","https://github.com/Hardik-1226/Bootcamp-Testing-26/blob/main/Testing-Training/BDDFirstTestCase/Feature/target/classes/META-INF/MANIFEST.MF","2026-07-16 15:47:29"
"Testing-Training/BDDFirstTestCase/Feature/target/classes/META-INF/maven/WebDriverChromeLaunch/LauchingChromeBrwoser/pom.properties","https://github.com/Hardik-1226/Bootcamp-Testing-26/blob/main/Testing-Training/BDDFirstTestCase/Feature/target/classes/META-INF/maven/WebDriverChromeLaunch/LauchingChromeBrwoser/pom.properties","2026-07-16 15:47:29"
"Testing-Training/BDDFirstTestCase/Feature/target/classes/META-INF/maven/WebDriverChromeLaunch/LauchingChromeBrwoser/pom.xml","https://github.com/Hardik-1226/Bootcamp-Testing-26/blob/main/Testing-Training/BDDFirstTestCase/Feature/target/classes/META-INF/maven/WebDriverChromeLaunch/LauchingChromeBrwoser/pom.xml","2026-07-16 15:47:29"
"Testing-Training/BDDFirstTestCase/Feature/target/test-classes/com/NavigationCommand/Example/Browser_navigation_test.class","https://github.com/Hardik-1226/Bootcamp-Testing-26/blob/main/Testing-Training/BDDFirstTestCase/Feature/target/test-classes/com/NavigationCommand/Example/Browser_navigation_test.class","2026-07-16 15:47:30"
"Testing-Training/BDDFirstTestCase/Feature/target/test-classes/com/NavigationCommand/Example/navigation_demo.class","https://github.com/Hardik-1226/Bootcamp-Testing-26/blob/main/Testing-Training/BDDFirstTestCase/Feature/target/test-classes/com/NavigationCommand/Example/navigation_demo.class","2026-07-16 15:47:30"
"Testing-Training/BDDFirstTestCase/Feature/testng.xml","https://github.com/Hardik-1226/Bootcamp-Testing-26/blob/main/Testing-Training/BDDFirstTestCase/Feature/testng.xml","2026-07-16 15:47:30"
"Testing-Training/BDDFirstTestCase/Feature/test-output/Browser Navigation Suite/Chrome Test.html","https://github.com/Hardik-1226/Bootcamp-Testing-26/blob/main/Testing-Training/BDDFirstTestCase/Feature/test-output/Browser%20Navigation%20Suite/Chrome%20Test.html","2026-07-16 15:47:30"
"Testing-Training/BDDFirstTestCase/Feature/test-output/Browser Navigation Suite/Chrome Test.xml","https://github.com/Hardik-1226/Bootcamp-Testing-26/blob/main/Testing-Training/BDDFirstTestCase/Feature/test-output/Browser%20Navigation%20Suite/Chrome%20Test.xml","2026-07-16 15:47:30"
"Testing-Training/BDDFirstTestCase/Feature/test-output/Browser Navigation Suite/Edge Test.html","https://github.com/Hardik-1226/Bootcamp-Testing-26/blob/main/Testing-Training/BDDFirstTestCase/Feature/test-output/Browser%20Navigation%20Suite/Edge%20Test.html","2026-07-16 15:47:30"
"Testing-Training/BDDFirstTestCase/Feature/test-output/Browser Navigation Suite/Edge Test.xml","https://github.com/Hardik-1226/Bootcamp-Testing-26/blob/main/Testing-Training/BDDFirstTestCase/Feature/test-output/Browser%20Navigation%20Suite/Edge%20Test.xml","2026-07-16 15:47:30"
"Testing-Training/BDDFirstTestCase/Feature/test-output/Browser Navigation Suite/Firefox Test.html","https://github.com/Hardik-1226/Bootcamp-Testing-26/blob/main/Testing-Training/BDDFirstTestCase/Feature/test-output/Browser%20Navigation%20Suite/Firefox%20Test.html","2026-07-16 15:47:30"
"Testing-Training/BDDFirstTestCase/Feature/test-output/Browser Navigation Suite/Firefox Test.xml","https://github.com/Hardik-1226/Bootcamp-Testing-26/blob/main/Testing-Training/BDDFirstTestCase/Feature/test-output/Browser%20Navigation%20Suite/Firefox%20Test.xml","2026-07-16 15:47:30"
"Testing-Training/BDDFirstTestCase/Feature/test-output/Browser Navigation Suite/testng-failed.xml","https://github.com/Hardik-1226/Bootcamp-Testing-26/blob/main/Testing-Training/BDDFirstTestCase/Feature/test-output/Browser%20Navigation%20Suite/testng-failed.xml","2026-07-16 15:47:30"
"Testing-Training/BDDFirstTestCase/Feature/test-output/bullet_point.png","https://github.com/Hardik-1226/Bootcamp-Testing-26/blob/main/Testing-Training/BDDFirstTestCase/Feature/test-output/bullet_point.png","2026-07-16 15:47:30"
"Testing-Training/BDDFirstTestCase/Feature/test-output/collapseall.gif","https://github.com/Hardik-1226/Bootcamp-Testing-26/blob/main/Testing-Training/BDDFirstTestCase/Feature/test-output/collapseall.gif","2026-07-16 15:47:30"
"Testing-Training/BDDFirstTestCase/Feature/test-output/Default suite/Default test.html","https://github.com/Hardik-1226/Bootcamp-Testing-26/blob/main/Testing-Training/BDDFirstTestCase/Feature/test-output/Default%20suite/Default%20test.html","2026-07-16 15:47:30"
"Testing-Training/BDDFirstTestCase/Feature/test-output/Default suite/Default test.xml","https://github.com/Hardik-1226/Bootcamp-Testing-26/blob/main/Testing-Training/BDDFirstTestCase/Feature/test-output/Default%20suite/Default%20test.xml","2026-07-16 15:47:30"
"Testing-Training/BDDFirstTestCase/Feature/test-output/Default suite/testng-failed.xml","https://github.com/Hardik-1226/Bootcamp-Testing-26/blob/main/Testing-Training/BDDFirstTestCase/Feature/test-output/Default%20suite/testng-failed.xml","2026-07-16 15:47:30"
"Testing-Training/BDDFirstTestCase/Feature/test-output/emailable-report.html","https://github.com/Hardik-1226/Bootcamp-Testing-26/blob/main/Testing-Training/BDDFirstTestCase/Feature/test-output/emailable-report.html","2026-07-16 15:47:30"
"Testing-Training/BDDFirstTestCase/Feature/test-output/failed.png","https://github.com/Hardik-1226/Bootcamp-Testing-26/blob/main/Testing-Training/BDDFirstTestCase/Feature/test-output/failed.png","2026-07-16 15:47:30"
"Testing-Training/BDDFirstTestCase/Feature/test-output/index.html","https://github.com/Hardik-1226/Bootcamp-Testing-26/blob/main/Testing-Training/BDDFirstTestCase/Feature/test-output/index.html","2026-07-16 15:47:30"
"Testing-Training/BDDFirstTestCase/Feature/test-output/jquery-3.6.0.min.js","https://github.com/Hardik-1226/Bootcamp-Testing-26/blob/main/Testing-Training/BDDFirstTestCase/Feature/test-output/jquery-3.6.0.min.js","2026-07-16 15:47:30"
"Testing-Training/BDDFirstTestCase/Feature/test-output/junitreports/TEST-com.NavigationCommand.Example.Browser_navigation_test.xml","https://github.com/Hardik-1226/Bootcamp-Testing-26/blob/main/Testing-Training/BDDFirstTestCase/Feature/test-output/junitreports/TEST-com.NavigationCommand.Example.Browser_navigation_test.xml","2026-07-16 15:47:30"
"Testing-Training/BDDFirstTestCase/Feature/test-output/junitreports/TEST-com.NavigationCommand.Example.navigation_demo.xml","https://github.com/Hardik-1226/Bootcamp-Testing-26/blob/main/Testing-Training/BDDFirstTestCase/Feature/test-output/junitreports/TEST-com.NavigationCommand.Example.navigation_demo.xml","2026-07-16 15:47:30"
"Testing-Training/BDDFirstTestCase/Feature/test-output/navigator-bullet.png","https://github.com/Hardik-1226/Bootcamp-Testing-26/blob/main/Testing-Training/BDDFirstTestCase/Feature/test-output/navigator-bullet.png","2026-07-16 15:47:30"
"Testing-Training/BDDFirstTestCase/Feature/test-output/passed.png","https://github.com/Hardik-1226/Bootcamp-Testing-26/blob/main/Testing-Training/BDDFirstTestCase/Feature/test-output/passed.png","2026-07-16 15:47:30"
"Testing-Training/BDDFirstTestCase/Feature/test-output/skipped.png","https://github.com/Hardik-1226/Bootcamp-Testing-26/blob/main/Testing-Training/BDDFirstTestCase/Feature/test-output/skipped.png","2026-07-16 15:47:30"
"Testing-Training/BDDFirstTestCase/Feature/test-output/testng-failed.xml","https://github.com/Hardik-1226/Bootcamp-Testing-26/blob/main/Testing-Training/BDDFirstTestCase/Feature/test-output/testng-failed.xml","2026-07-16 15:47:30"
"Testing-Training/BDDFirstTestCase/Feature/test-output/testng-reports.css","https://github.com/Hardik-1226/Bootcamp-Testing-26/blob/main/Testing-Training/BDDFirstTestCase/Feature/test-output/testng-reports.css","2026-07-16 15:47:30"
"Testing-Training/BDDFirstTestCase/Feature/test-output/testng-reports.js","https://github.com/Hardik-1226/Bootcamp-Testing-26/blob/main/Testing-Training/BDDFirstTestCase/Feature/test-output/testng-reports.js","2026-07-16 15:47:30"
"Testing-Training/BDDFirstTestCase/Feature/test-output/testng-reports1.css","https://github.com/Hardik-1226/Bootcamp-Testing-26/blob/main/Testing-Training/BDDFirstTestCase/Feature/test-output/testng-reports1.css","2026-07-16 15:47:30"
"Testing-Training/BDDFirstTestCase/Feature/test-output/testng-reports2.js","https://github.com/Hardik-1226/Bootcamp-Testing-26/blob/main/Testing-Training/BDDFirstTestCase/Feature/test-output/testng-reports2.js","2026-07-16 15:47:30"
"Testing-Training/BDDFirstTestCase/Feature/test-output/testng-results.xml","https://github.com/Hardik-1226/Bootcamp-Testing-26/blob/main/Testing-Training/BDDFirstTestCase/Feature/test-output/testng-results.xml","2026-07-16 15:47:30"
"Testing-Training/bin/com/seleniumchormewebdriver/Example/ChromeBrowserTest.class","https://github.com/Hardik-1226/Bootcamp-Testing-26/blob/main/Testing-Training/bin/com/seleniumchormewebdriver/Example/ChromeBrowserTest.class","2026-07-16 15:47:30"
"Testing-Training/BVA and ECP.pdf","https://github.com/Hardik-1226/Bootcamp-Testing-26/blob/main/Testing-Training/BVA%20and%20ECP.pdf","2026-07-16 15:47:30"
"Testing-Training/constructorsInJava/bin/constructorsInJava/example/contructorExample.class","https://github.com/Hardik-1226/Bootcamp-Testing-26/blob/main/Testing-Training/constructorsInJava/bin/constructorsInJava/example/contructorExample.class","2026-07-16 15:47:30"
"Testing-Training/constructorsInJava/bin/constructorsInJava/example/student.class","https://github.com/Hardik-1226/Bootcamp-Testing-26/blob/main/Testing-Training/constructorsInJava/bin/constructorsInJava/example/student.class","2026-07-16 15:47:30"
"Testing-Training/constructorsInJava/bin/contructorusinginstance/Contructorusinginstance.class","https://github.com/Hardik-1226/Bootcamp-Testing-26/blob/main/Testing-Training/constructorsInJava/bin/contructorusinginstance/Contructorusinginstance.class","2026-07-16 15:47:30"
"Testing-Training/constructorsInJava/bin/gettersetter/constructor.class","https://github.com/Hardik-1226/Bootcamp-Testing-26/blob/main/Testing-Training/constructorsInJava/bin/gettersetter/constructor.class","2026-07-16 15:47:30"
"Testing-Training/constructorsInJava/bin/gettersetter/empolyee.class","https://github.com/Hardik-1226/Bootcamp-Testing-26/blob/main/Testing-Training/constructorsInJava/bin/gettersetter/empolyee.class","2026-07-16 15:47:30"
"Testing-Training/constructorsInJava/bin/overloadingconstructor/com/const_overloading.class","https://github.com/Hardik-1226/Bootcamp-Testing-26/blob/main/Testing-Training/constructorsInJava/bin/overloadingconstructor/com/const_overloading.class","2026-07-16 15:47:30"
"Testing-Training/constructorsInJava/bin/overloadingconstructor/com/overloading_constructor.class","https://github.com/Hardik-1226/Bootcamp-Testing-26/blob/main/Testing-Training/constructorsInJava/bin/overloadingconstructor/com/overloading_constructor.class","2026-07-16 15:47:30"
"Testing-Training/constructorsInJava/src/constructorsInJava/example/contructorExample.java","https://github.com/Hardik-1226/Bootcamp-Testing-26/blob/main/Testing-Training/constructorsInJava/src/constructorsInJava/example/contructorExample.java","2026-07-16 15:47:30"
"Testing-Training/constructorsInJava/src/contructorusinginstance/Contructorusinginstance.java","https://github.com/Hardik-1226/Bootcamp-Testing-26/blob/main/Testing-Training/constructorsInJava/src/contructorusinginstance/Contructorusinginstance.java","2026-07-16 15:47:30"
"Testing-Training/constructorsInJava/src/gettersetter/constructor.java","https://github.com/Hardik-1226/Bootcamp-Testing-26/blob/main/Testing-Training/constructorsInJava/src/gettersetter/constructor.java","2026-07-16 15:47:30"
"Testing-Training/constructorsInJava/src/overloadingconstructor/com/const_overloading.java","https://github.com/Hardik-1226/Bootcamp-Testing-26/blob/main/Testing-Training/constructorsInJava/src/overloadingconstructor/com/const_overloading.java","2026-07-16 15:47:30"
"Testing-Training/CucumberJavaProject/pom.xml","https://github.com/Hardik-1226/Bootcamp-Testing-26/blob/main/Testing-Training/CucumberJavaProject/pom.xml","2026-07-16 15:47:30"
"Testing-Training/CucumberJavaProject/src/main/java/TestRunner.java","https://github.com/Hardik-1226/Bootcamp-Testing-26/blob/main/Testing-Training/CucumberJavaProject/src/main/java/TestRunner.java","2026-07-16 15:47:30"
"Testing-Training/CucumberJavaProject/src/test/java/newproject.feature","https://github.com/Hardik-1226/Bootcamp-Testing-26/blob/main/Testing-Training/CucumberJavaProject/src/test/java/newproject.feature","2026-07-16 15:47:30"
"Testing-Training/CucumberJavaProject/target/classes/TestRunner.class","https://github.com/Hardik-1226/Bootcamp-Testing-26/blob/main/Testing-Training/CucumberJavaProject/target/classes/TestRunner.class","2026-07-16 23:19:18"
"Testing-Training/CucumberJavaProject/target/Ecommerce.feature","https://github.com/Hardik-1226/Bootcamp-Testing-26/blob/main/Testing-Training/CucumberJavaProject/target/Ecommerce.feature","2026-07-16 15:47:30"
"Testing-Training/CucumberJavaProject/target/test-classes/newproject.feature","https://github.com/Hardik-1226/Bootcamp-Testing-26/blob/main/Testing-Training/CucumberJavaProject/target/test-classes/newproject.feature","2026-07-16 15:47:30"
"Testing-Training/Ecommerce.feature","https://github.com/Hardik-1226/Bootcamp-Testing-26/blob/main/Testing-Training/Ecommerce.feature","2026-07-16 15:47:30"
"Testing-Training/ExceptionHndling/bin/com/Exceptions/Exception_demo.class","https://github.com/Hardik-1226/Bootcamp-Testing-26/blob/main/Testing-Training/ExceptionHndling/bin/com/Exceptions/Exception_demo.class","2026-07-16 15:47:30"
"Testing-Training/ExceptionHndling/bin/com/Exceptions/throws_declaretaion.class","https://github.com/Hardik-1226/Bootcamp-Testing-26/blob/main/Testing-Training/ExceptionHndling/bin/com/Exceptions/throws_declaretaion.class","2026-07-16 15:47:30"
"Testing-Training/ExceptionHndling/src/com/Exceptions/Exception_demo.java","https://github.com/Hardik-1226/Bootcamp-Testing-26/blob/main/Testing-Training/ExceptionHndling/src/com/Exceptions/Exception_demo.java","2026-07-16 15:47:30"
"Testing-Training/ExceptionHndling/src/com/Exceptions/throws_declaretaion.java","https://github.com/Hardik-1226/Bootcamp-Testing-26/blob/main/Testing-Training/ExceptionHndling/src/com/Exceptions/throws_declaretaion.java","2026-07-16 15:47:30"
"Testing-Training/Feature/pom.xml","https://github.com/Hardik-1226/Bootcamp-Testing-26/blob/main/Testing-Training/Feature/pom.xml","2026-07-16 15:47:30"
"Testing-Training/Feature/target/classes/META-INF/MANIFEST.MF","https://github.com/Hardik-1226/Bootcamp-Testing-26/blob/main/Testing-Training/Feature/target/classes/META-INF/MANIFEST.MF","2026-07-16 15:47:30"
"Testing-Training/Feature/target/classes/META-INF/maven/WebDriverChromeLaunch/LauchingChromeBrwoser/pom.properties","https://github.com/Hardik-1226/Bootcamp-Testing-26/blob/main/Testing-Training/Feature/target/classes/META-INF/maven/WebDriverChromeLaunch/LauchingChromeBrwoser/pom.properties","2026-07-16 15:47:30"
"Testing-Training/Feature/target/classes/META-INF/maven/WebDriverChromeLaunch/LauchingChromeBrwoser/pom.xml","https://github.com/Hardik-1226/Bootcamp-Testing-26/blob/main/Testing-Training/Feature/target/classes/META-INF/maven/WebDriverChromeLaunch/LauchingChromeBrwoser/pom.xml","2026-07-16 15:47:30"
"Testing-Training/Feature/target/test-classes/com/NavigationCommand/Example/Browser_navigation_test.class","https://github.com/Hardik-1226/Bootcamp-Testing-26/blob/main/Testing-Training/Feature/target/test-classes/com/NavigationCommand/Example/Browser_navigation_test.class","2026-07-16 15:47:30"
"Testing-Training/Feature/target/test-classes/com/NavigationCommand/Example/navigation_demo.class","https://github.com/Hardik-1226/Bootcamp-Testing-26/blob/main/Testing-Training/Feature/target/test-classes/com/NavigationCommand/Example/navigation_demo.class","2026-07-16 15:47:30"
"Testing-Training/Feature/test-output/Browser Navigation Suite/Chrome Test.xml","https://github.com/Hardik-1226/Bootcamp-Testing-26/blob/main/Testing-Training/Feature/test-output/Browser%20Navigation%20Suite/Chrome%20Test.xml","2026-07-16 15:47:30"
"Testing-Training/Feature/test-output/Browser Navigation Suite/Firefox Test.html","https://github.com/Hardik-1226/Bootcamp-Testing-26/blob/main/Testing-Training/Feature/test-output/Browser%20Navigation%20Suite/Firefox%20Test.html","2026-07-16 15:47:30"
"Testing-Training/Feature/test-output/Browser Navigation Suite/Firefox Test.xml","https://github.com/Hardik-1226/Bootcamp-Testing-26/blob/main/Testing-Training/Feature/test-output/Browser%20Navigation%20Suite/Firefox%20Test.xml","2026-07-16 15:47:30"
"Testing-Training/Feature/test-output/Browser Navigation Suite/testng-failed.xml","https://github.com/Hardik-1226/Bootcamp-Testing-26/blob/main/Testing-Training/Feature/test-output/Browser%20Navigation%20Suite/testng-failed.xml","2026-07-16 15:47:30"
"Testing-Training/Feature/test-output/bullet_point.png","https://github.com/Hardik-1226/Bootcamp-Testing-26/blob/main/Testing-Training/Feature/test-output/bullet_point.png","2026-07-16 15:47:30"
"Testing-Training/Feature/test-output/collapseall.gif","https://github.com/Hardik-1226/Bootcamp-Testing-26/blob/main/Testing-Training/Feature/test-output/collapseall.gif","2026-07-16 15:47:30"
"Testing-Training/Feature/test-output/Default suite/Default test.html","https://github.com/Hardik-1226/Bootcamp-Testing-26/blob/main/Testing-Training/Feature/test-output/Default%20suite/Default%20test.html","2026-07-16 15:47:30"
"Testing-Training/Feature/test-output/Default suite/Default test.xml","https://github.com/Hardik-1226/Bootcamp-Testing-26/blob/main/Testing-Training/Feature/test-output/Default%20suite/Default%20test.xml","2026-07-16 15:47:30"
"Testing-Training/Feature/test-output/Default suite/testng-failed.xml","https://github.com/Hardik-1226/Bootcamp-Testing-26/blob/main/Testing-Training/Feature/test-output/Default%20suite/testng-failed.xml","2026-07-16 15:47:30"
"Testing-Training/Feature/test-output/emailable-report.html","https://github.com/Hardik-1226/Bootcamp-Testing-26/blob/main/Testing-Training/Feature/test-output/emailable-report.html","2026-07-16 15:47:30"
"Testing-Training/Feature/test-output/failed.png","https://github.com/Hardik-1226/Bootcamp-Testing-26/blob/main/Testing-Training/Feature/test-output/failed.png","2026-07-16 15:47:30"
"Testing-Training/Feature/test-output/index.html","https://github.com/Hardik-1226/Bootcamp-Testing-26/blob/main/Testing-Training/Feature/test-output/index.html","2026-07-16 15:47:30"
"Testing-Training/Feature/test-output/jquery-3.6.0.min.js","https://github.com/Hardik-1226/Bootcamp-Testing-26/blob/main/Testing-Training/Feature/test-output/jquery-3.6.0.min.js","2026-07-16 15:47:30"
"Testing-Training/Feature/test-output/junitreports/TEST-com.NavigationCommand.Example.Browser_navigation_test.xml","https://github.com/Hardik-1226/Bootcamp-Testing-26/blob/main/Testing-Training/Feature/test-output/junitreports/TEST-com.NavigationCommand.Example.Browser_navigation_test.xml","2026-07-16 15:47:30"
"Testing-Training/Feature/test-output/junitreports/TEST-com.NavigationCommand.Example.navigation_demo.xml","https://github.com/Hardik-1226/Bootcamp-Testing-26/blob/main/Testing-Training/Feature/test-output/junitreports/TEST-com.NavigationCommand.Example.navigation_demo.xml","2026-07-16 15:47:30"
"Testing-Training/Feature/test-output/navigator-bullet.png","https://github.com/Hardik-1226/Bootcamp-Testing-26/blob/main/Testing-Training/Feature/test-output/navigator-bullet.png","2026-07-16 15:47:30"
"Testing-Training/Feature/test-output/passed.png","https://github.com/Hardik-1226/Bootcamp-Testing-26/blob/main/Testing-Training/Feature/test-output/passed.png","2026-07-16 15:47:30"
"Testing-Training/Feature/test-output/skipped.png","https://github.com/Hardik-1226/Bootcamp-Testing-26/blob/main/Testing-Training/Feature/test-output/skipped.png","2026-07-16 15:47:30"
"Testing-Training/Feature/test-output/testng-failed.xml","https://github.com/Hardik-1226/Bootcamp-Testing-26/blob/main/Testing-Training/Feature/test-output/testng-failed.xml","2026-07-16 15:47:30"
"Testing-Training/Feature/test-output/testng-reports.css","https://github.com/Hardik-1226/Bootcamp-Testing-26/blob/main/Testing-Training/Feature/test-output/testng-reports.css","2026-07-16 15:47:30"
"Testing-Training/Feature/test-output/testng-reports.js","https://github.com/Hardik-1226/Bootcamp-Testing-26/blob/main/Testing-Training/Feature/test-output/testng-reports.js","2026-07-16 15:47:30"
"Testing-Training/Feature/test-output/testng-reports1.css","https://github.com/Hardik-1226/Bootcamp-Testing-26/blob/main/Testing-Training/Feature/test-output/testng-reports1.css","2026-07-16 15:47:30"
"Testing-Training/Feature/test-output/testng-reports2.js","https://github.com/Hardik-1226/Bootcamp-Testing-26/blob/main/Testing-Training/Feature/test-output/testng-reports2.js","2026-07-16 15:47:30"
"Testing-Training/Feature/test-output/testng-results.xml","https://github.com/Hardik-1226/Bootcamp-Testing-26/blob/main/Testing-Training/Feature/test-output/testng-results.xml","2026-07-16 15:47:30"
"Testing-Training/File_Handling_in_java/bin/com/FileHandlingInJava/Example/delete_file.class","https://github.com/Hardik-1226/Bootcamp-Testing-26/blob/main/Testing-Training/File_Handling_in_java/bin/com/FileHandlingInJava/Example/delete_file.class","2026-07-16 15:47:30"
"Testing-Training/File_Handling_in_java/bin/com/FileHandlingInJava/Example/File_Demo.class","https://github.com/Hardik-1226/Bootcamp-Testing-26/blob/main/Testing-Training/File_Handling_in_java/bin/com/FileHandlingInJava/Example/File_Demo.class","2026-07-16 15:47:30"
"Testing-Training/File_Handling_in_java/bin/com/FileHandlingInJava/Example/get_info_of_file.class","https://github.com/Hardik-1226/Bootcamp-Testing-26/blob/main/Testing-Training/File_Handling_in_java/bin/com/FileHandlingInJava/Example/get_info_of_file.class","2026-07-16 15:47:30"
"Testing-Training/File_Handling_in_java/bin/com/FileHandlingInJava/Example/reading_file.class","https://github.com/Hardik-1226/Bootcamp-Testing-26/blob/main/Testing-Training/File_Handling_in_java/bin/com/FileHandlingInJava/Example/reading_file.class","2026-07-16 15:47:30"
"Testing-Training/File_Handling_in_java/bin/com/FileHandlingInJava/Example/wite_to_file.class","https://github.com/Hardik-1226/Bootcamp-Testing-26/blob/main/Testing-Training/File_Handling_in_java/bin/com/FileHandlingInJava/Example/wite_to_file.class","2026-07-16 15:47:30"
"Testing-Training/File_Handling_in_java/src/com/FileHandlingInJava/Example/delete_file.java","https://github.com/Hardik-1226/Bootcamp-Testing-26/blob/main/Testing-Training/File_Handling_in_java/src/com/FileHandlingInJava/Example/delete_file.java","2026-07-16 15:47:30"
"Testing-Training/File_Handling_in_java/src/com/FileHandlingInJava/Example/File_Demo.java","https://github.com/Hardik-1226/Bootcamp-Testing-26/blob/main/Testing-Training/File_Handling_in_java/src/com/FileHandlingInJava/Example/File_Demo.java","2026-07-16 15:47:30"
"Testing-Training/File_Handling_in_java/src/com/FileHandlingInJava/Example/get_info_of_file.java","https://github.com/Hardik-1226/Bootcamp-Testing-26/blob/main/Testing-Training/File_Handling_in_java/src/com/FileHandlingInJava/Example/get_info_of_file.java","2026-07-16 15:47:30"
"Testing-Training/File_Handling_in_java/src/com/FileHandlingInJava/Example/reading_file.java","https://github.com/Hardik-1226/Bootcamp-Testing-26/blob/main/Testing-Training/File_Handling_in_java/src/com/FileHandlingInJava/Example/reading_file.java","2026-07-16 15:47:30"
"Testing-Training/File_Handling_in_java/src/com/FileHandlingInJava/Example/wite_to_file.java","https://github.com/Hardik-1226/Bootcamp-Testing-26/blob/main/Testing-Training/File_Handling_in_java/src/com/FileHandlingInJava/Example/wite_to_file.java","2026-07-16 15:47:30"
"Testing-Training/File_In_Java/bin/App.class","https://github.com/Hardik-1226/Bootcamp-Testing-26/blob/main/Testing-Training/File_In_Java/bin/App.class","2026-07-16 15:47:30"
"Testing-Training/File_In_Java/README.md","https://github.com/Hardik-1226/Bootcamp-Testing-26/blob/main/Testing-Training/File_In_Java/README.md","2026-07-16 15:47:30"
"Testing-Training/File_In_Java/src/App.java","https://github.com/Hardik-1226/Bootcamp-Testing-26/blob/main/Testing-Training/File_In_Java/src/App.java","2026-07-16 15:47:30"
"Testing-Training/HardikVarshneyBVA.pdf","https://github.com/Hardik-1226/Bootcamp-Testing-26/blob/main/Testing-Training/HardikVarshneyBVA.pdf","2026-07-02 15:47:01"
"Testing-Training/HardikVarshneyECP.pdf","https://github.com/Hardik-1226/Bootcamp-Testing-26/blob/main/Testing-Training/HardikVarshneyECP.pdf","2026-07-02 16:12:40"
"Testing-Training/InhritenceInJava/bin/com/EmployeeManagementSystem/Example/Account.class","https://github.com/Hardik-1226/Bootcamp-Testing-26/blob/main/Testing-Training/InhritenceInJava/bin/com/EmployeeManagementSystem/Example/Account.class","2026-07-16 15:47:30"
"Testing-Training/InhritenceInJava/bin/com/EmployeeManagementSystem/Example/BankTestDemo.class","https://github.com/Hardik-1226/Bootcamp-Testing-26/blob/main/Testing-Training/InhritenceInJava/bin/com/EmployeeManagementSystem/Example/BankTestDemo.class","2026-07-16 15:47:30"
"Testing-Training/InhritenceInJava/bin/com/EmployeeManagementSystem/Example/SavingAccount.class","https://github.com/Hardik-1226/Bootcamp-Testing-26/blob/main/Testing-Training/InhritenceInJava/bin/com/EmployeeManagementSystem/Example/SavingAccount.class","2026-07-16 15:47:30"
"Testing-Training/InhritenceInJava/src/com/EmployeeManagementSystem/Example/BankTestDemo.java","https://github.com/Hardik-1226/Bootcamp-Testing-26/blob/main/Testing-Training/InhritenceInJava/src/com/EmployeeManagementSystem/Example/BankTestDemo.java","2026-07-16 15:47:30"
"Testing-Training/interfaces/bin/com/interfaces/example/demo.class","https://github.com/Hardik-1226/Bootcamp-Testing-26/blob/main/Testing-Training/interfaces/bin/com/interfaces/example/demo.class","2026-07-16 15:47:30"
"Testing-Training/interfaces/bin/com/interfaces/example/firstinterface.class","https://github.com/Hardik-1226/Bootcamp-Testing-26/blob/main/Testing-Training/interfaces/bin/com/interfaces/example/firstinterface.class","2026-07-16 15:47:30"
"Testing-Training/interfaces/bin/com/interfaces/example/interface_exmaple.class","https://github.com/Hardik-1226/Bootcamp-Testing-26/blob/main/Testing-Training/interfaces/bin/com/interfaces/example/interface_exmaple.class","2026-07-16 15:47:30"
"Testing-Training/interfaces/bin/com/interfaces/example/interfaces.class","https://github.com/Hardik-1226/Bootcamp-Testing-26/blob/main/Testing-Training/interfaces/bin/com/interfaces/example/interfaces.class","2026-07-16 15:47:30"
"Testing-Training/interfaces/bin/com/interfaces/example/interfce_test.class","https://github.com/Hardik-1226/Bootcamp-Testing-26/blob/main/Testing-Training/interfaces/bin/com/interfaces/example/interfce_test.class","2026-07-16 15:47:30"
"Testing-Training/interfaces/bin/com/interfaces/example/second.class","https://github.com/Hardik-1226/Bootcamp-Testing-26/blob/main/Testing-Training/interfaces/bin/com/interfaces/example/second.class","2026-07-16 15:47:30"
"Testing-Training/interfaces/src/com/interfaces/example/interface_exmaple.java","https://github.com/Hardik-1226/Bootcamp-Testing-26/blob/main/Testing-Training/interfaces/src/com/interfaces/example/interface_exmaple.java","2026-07-16 15:47:30"
"Testing-Training/interfaces/src/com/interfaces/example/interfaces.java","https://github.com/Hardik-1226/Bootcamp-Testing-26/blob/main/Testing-Training/interfaces/src/com/interfaces/example/interfaces.java","2026-07-16 15:47:30"
"Testing-Training/interfaces/src/com/interfaces/example/interfce_test.java","https://github.com/Hardik-1226/Bootcamp-Testing-26/blob/main/Testing-Training/interfaces/src/com/interfaces/example/interfce_test.java","2026-07-16 15:47:30"
"Testing-Training/java_project/bin/App.class","https://github.com/Hardik-1226/Bootcamp-Testing-26/blob/main/Testing-Training/java_project/bin/App.class","2026-07-16 15:47:30"
"Testing-Training/java_project/bin/com/FileHandling_in_java/Example/File_Demo.class","https://github.com/Hardik-1226/Bootcamp-Testing-26/blob/main/Testing-Training/java_project/bin/com/FileHandling_in_java/Example/File_Demo.class","2026-07-16 15:47:30"
"Testing-Training/java_project/README.md","https://github.com/Hardik-1226/Bootcamp-Testing-26/blob/main/Testing-Training/java_project/README.md","2026-07-16 15:47:30"
"Testing-Training/java_project/src/App.java","https://github.com/Hardik-1226/Bootcamp-Testing-26/blob/main/Testing-Training/java_project/src/App.java","2026-07-16 15:47:30"
"Testing-Training/java_project/src/com/FileHandling_in_java/Example/File_Demo.java","https://github.com/Hardik-1226/Bootcamp-Testing-26/blob/main/Testing-Training/java_project/src/com/FileHandling_in_java/Example/File_Demo.java","2026-07-16 15:47:30"
"Testing-Training/JavaAccessModifiers/bin/com/AcecssModifiers/A.class","https://github.com/Hardik-1226/Bootcamp-Testing-26/blob/main/Testing-Training/JavaAccessModifiers/bin/com/AcecssModifiers/A.class","2026-07-16 15:47:30"
"Testing-Training/JavaAccessModifiers/bin/com/AcecssModifiers/B.class","https://github.com/Hardik-1226/Bootcamp-Testing-26/blob/main/Testing-Training/JavaAccessModifiers/bin/com/AcecssModifiers/B.class","2026-07-16 15:47:30"
"Testing-Training/JavaAccessModifiers/bin/com/AcecssModifiers/DefaultExmaple.class","https://github.com/Hardik-1226/Bootcamp-Testing-26/blob/main/Testing-Training/JavaAccessModifiers/bin/com/AcecssModifiers/DefaultExmaple.class","2026-07-16 15:47:30"
"Testing-Training/JavaAccessModifiers/CaseStudies.java","https://github.com/Hardik-1226/Bootcamp-Testing-26/blob/main/Testing-Training/JavaAccessModifiers/CaseStudies.java","2026-07-16 15:47:30"
"Testing-Training/Jira_UserStory_CaseStudy - JIRA_UserStory_CaseStudy.pdf","https://github.com/Hardik-1226/Bootcamp-Testing-26/blob/main/Testing-Training/Jira_UserStory_CaseStudy%20-%20JIRA_UserStory_CaseStudy.pdf","2026-07-07 16:16:36"
"Testing-Training/Jira_UserStory_RTM - JIRA_UserStory_RTM.pdf","https://github.com/Hardik-1226/Bootcamp-Testing-26/blob/main/Testing-Training/Jira_UserStory_RTM%20-%20JIRA_UserStory_RTM.pdf","2026-07-07 16:17:20"
"Testing-Training/Jira_UserStory_Scenarios - JIRA_UserStory_Scenarios.pdf","https://github.com/Hardik-1226/Bootcamp-Testing-26/blob/main/Testing-Training/Jira_UserStory_Scenarios%20-%20JIRA_UserStory_Scenarios.pdf","2026-07-07 16:17:02"
"Testing-Training/LauchingChromeBrwoser/pom.xml","https://github.com/Hardik-1226/Bootcamp-Testing-26/blob/main/Testing-Training/LauchingChromeBrwoser/pom.xml","2026-07-16 15:47:30"
"Testing-Training/LauchingChromeBrwoser/target/classes/META-INF/MANIFEST.MF","https://github.com/Hardik-1226/Bootcamp-Testing-26/blob/main/Testing-Training/LauchingChromeBrwoser/target/classes/META-INF/MANIFEST.MF","2026-07-16 15:47:30"
"Testing-Training/LauchingChromeBrwoser/target/classes/META-INF/maven/WebDriverChromeLaunch/LauchingChromeBrwoser/pom.properties","https://github.com/Hardik-1226/Bootcamp-Testing-26/blob/main/Testing-Training/LauchingChromeBrwoser/target/classes/META-INF/maven/WebDriverChromeLaunch/LauchingChromeBrwoser/pom.properties","2026-07-16 15:47:30"
"Testing-Training/LauchingChromeBrwoser/target/classes/META-INF/maven/WebDriverChromeLaunch/LauchingChromeBrwoser/pom.xml","https://github.com/Hardik-1226/Bootcamp-Testing-26/blob/main/Testing-Training/LauchingChromeBrwoser/target/classes/META-INF/maven/WebDriverChromeLaunch/LauchingChromeBrwoser/pom.xml","2026-07-16 15:47:30"
"Testing-Training/LauchingChromeBrwoser/target/test-classes/com/launchChromeUsingWebdriver/example/ChromeBrowser.class","https://github.com/Hardik-1226/Bootcamp-Testing-26/blob/main/Testing-Training/LauchingChromeBrwoser/target/test-classes/com/launchChromeUsingWebdriver/example/ChromeBrowser.class","2026-07-16 15:47:30"
"Testing-Training/LauchingChromeBrwoser/target/test-classes/com/seleniumEdgeBrowser/Example/Edge_trail.class","https://github.com/Hardik-1226/Bootcamp-Testing-26/blob/main/Testing-Training/LauchingChromeBrwoser/target/test-classes/com/seleniumEdgeBrowser/Example/Edge_trail.class","2026-07-16 15:47:30"
"Testing-Training/LauchingChromeBrwoser/target/test-classes/com/seleniumWebDriver/FirefixTest/FireFox_Test.class","https://github.com/Hardik-1226/Bootcamp-Testing-26/blob/main/Testing-Training/LauchingChromeBrwoser/target/test-classes/com/seleniumWebDriver/FirefixTest/FireFox_Test.class","2026-07-16 15:47:30"
"Testing-Training/LauchingChromeBrwoser/target/test-classes/matchingtitleWithActualToExpected/test_case.class","https://github.com/Hardik-1226/Bootcamp-Testing-26/blob/main/Testing-Training/LauchingChromeBrwoser/target/test-classes/matchingtitleWithActualToExpected/test_case.class","2026-07-16 15:47:30"
"Testing-Training/LauchingChromeBrwoser/target/test-classes/web_driver_comments/com/BrowserCommands.class","https://github.com/Hardik-1226/Bootcamp-Testing-26/blob/main/Testing-Training/LauchingChromeBrwoser/target/test-classes/web_driver_comments/com/BrowserCommands.class","2026-07-16 15:47:30"
"Testing-Training/LauchingChromeBrwoser/test-output/bullet_point.png","https://github.com/Hardik-1226/Bootcamp-Testing-26/blob/main/Testing-Training/LauchingChromeBrwoser/test-output/bullet_point.png","2026-07-16 15:47:30"
"Testing-Training/LauchingChromeBrwoser/test-output/Default suite/Default test.html","https://github.com/Hardik-1226/Bootcamp-Testing-26/blob/main/Testing-Training/LauchingChromeBrwoser/test-output/Default%20suite/Default%20test.html","2026-07-16 15:47:30"
"Testing-Training/LauchingChromeBrwoser/test-output/Default suite/Default test.xml","https://github.com/Hardik-1226/Bootcamp-Testing-26/blob/main/Testing-Training/LauchingChromeBrwoser/test-output/Default%20suite/Default%20test.xml","2026-07-16 15:47:30"
"Testing-Training/LauchingChromeBrwoser/test-output/Default suite/testng-failed.xml","https://github.com/Hardik-1226/Bootcamp-Testing-26/blob/main/Testing-Training/LauchingChromeBrwoser/test-output/Default%20suite/testng-failed.xml","2026-07-16 15:47:30"
"Testing-Training/LauchingChromeBrwoser/test-output/emailable-report.html","https://github.com/Hardik-1226/Bootcamp-Testing-26/blob/main/Testing-Training/LauchingChromeBrwoser/test-output/emailable-report.html","2026-07-16 15:47:30"
"Testing-Training/LauchingChromeBrwoser/test-output/failed.png","https://github.com/Hardik-1226/Bootcamp-Testing-26/blob/main/Testing-Training/LauchingChromeBrwoser/test-output/failed.png","2026-07-16 15:47:30"
"Testing-Training/LauchingChromeBrwoser/test-output/index.html","https://github.com/Hardik-1226/Bootcamp-Testing-26/blob/main/Testing-Training/LauchingChromeBrwoser/test-output/index.html","2026-07-16 15:47:30"
"Testing-Training/LauchingChromeBrwoser/test-output/jquery-3.6.0.min.js","https://github.com/Hardik-1226/Bootcamp-Testing-26/blob/main/Testing-Training/LauchingChromeBrwoser/test-output/jquery-3.6.0.min.js","2026-07-16 15:47:30"
"Testing-Training/LauchingChromeBrwoser/test-output/junitreports/TEST-com.NavigationCommand.Example.navigation_demo.xml","https://github.com/Hardik-1226/Bootcamp-Testing-26/blob/main/Testing-Training/LauchingChromeBrwoser/test-output/junitreports/TEST-com.NavigationCommand.Example.navigation_demo.xml","2026-07-16 15:47:30"
"Testing-Training/LauchingChromeBrwoser/test-output/junitreports/TEST-matchingtitleWithActualToExpected.test_case.xml","https://github.com/Hardik-1226/Bootcamp-Testing-26/blob/main/Testing-Training/LauchingChromeBrwoser/test-output/junitreports/TEST-matchingtitleWithActualToExpected.test_case.xml","2026-07-16 15:47:30"
"Testing-Training/LauchingChromeBrwoser/test-output/junitreports/TEST-web_driver_comments.com.BrowserCommands.xml","https://github.com/Hardik-1226/Bootcamp-Testing-26/blob/main/Testing-Training/LauchingChromeBrwoser/test-output/junitreports/TEST-web_driver_comments.com.BrowserCommands.xml","2026-07-16 15:47:30"
"Testing-Training/LauchingChromeBrwoser/test-output/navigator-bullet.png","https://github.com/Hardik-1226/Bootcamp-Testing-26/blob/main/Testing-Training/LauchingChromeBrwoser/test-output/navigator-bullet.png","2026-07-16 15:47:30"
"Testing-Training/LauchingChromeBrwoser/test-output/skipped.png","https://github.com/Hardik-1226/Bootcamp-Testing-26/blob/main/Testing-Training/LauchingChromeBrwoser/test-output/skipped.png","2026-07-16 15:47:30"
"Testing-Training/LauchingChromeBrwoser/test-output/testng-failed.xml","https://github.com/Hardik-1226/Bootcamp-Testing-26/blob/main/Testing-Training/LauchingChromeBrwoser/test-output/testng-failed.xml","2026-07-16 15:47:30"
"Testing-Training/LauchingChromeBrwoser/test-output/testng-reports.css","https://github.com/Hardik-1226/Bootcamp-Testing-26/blob/main/Testing-Training/LauchingChromeBrwoser/test-output/testng-reports.css","2026-07-16 15:47:30"
"Testing-Training/LauchingChromeBrwoser/test-output/testng-reports2.js","https://github.com/Hardik-1226/Bootcamp-Testing-26/blob/main/Testing-Training/LauchingChromeBrwoser/test-output/testng-reports2.js","2026-07-16 15:47:30"
"Testing-Training/LauchingChromeBrwoser/test-output/testng-results.xml","https://github.com/Hardik-1226/Bootcamp-Testing-26/blob/main/Testing-Training/LauchingChromeBrwoser/test-output/testng-results.xml","2026-07-16 15:47:30"
"Testing-Training/MakeMyTrip_Defect_Report - Defect Report-CaseStudy.pdf","https://github.com/Hardik-1226/Bootcamp-Testing-26/blob/main/Testing-Training/MakeMyTrip_Defect_Report%20-%20Defect%20Report-CaseStudy.pdf","2026-07-06 12:58:54"
"Testing-Training/MakeMyTrip_Defect_Report - Sheet1.pdf","https://github.com/Hardik-1226/Bootcamp-Testing-26/blob/main/Testing-Training/MakeMyTrip_Defect_Report%20-%20Sheet1.pdf","2026-07-06 12:32:23"
"Testing-Training/MakeMyTrip_RTM - RTM-CaseStudy.pdf","https://github.com/Hardik-1226/Bootcamp-Testing-26/blob/main/Testing-Training/MakeMyTrip_RTM%20-%20RTM-CaseStudy.pdf","2026-07-06 12:50:23"
"Testing-Training/MakeMyTrip_STLC_Documentation - Test Scenarios (1).pdf","https://github.com/Hardik-1226/Bootcamp-Testing-26/blob/main/Testing-Training/MakeMyTrip_STLC_Documentation%20-%20Test%20Scenarios%20(1).pdf","2026-07-03 11:46:49"
"Testing-Training/MakeMyTrip_STLC_Documentation_TestScenarios - Test Scenarios.pdf","https://github.com/Hardik-1226/Bootcamp-Testing-26/blob/main/Testing-Training/MakeMyTrip_STLC_Documentation_TestScenarios%20-%20Test%20Scenarios.pdf","2026-07-03 15:35:35"
"Testing-Training/Manual Testing Final Submission (1).pdf","https://github.com/Hardik-1226/Bootcamp-Testing-26/blob/main/Testing-Training/Manual%20Testing%20Final%20Submission%20(1).pdf","2026-07-03 15:51:39"
"Testing-Training/Manual_Testing - AzureDevops_Epic-37.pdf","https://github.com/Hardik-1226/Bootcamp-Testing-26/blob/main/Testing-Training/Manual_Testing%20-%20AzureDevops_Epic-37.pdf","2026-07-16 23:20:00"
"Testing-Training/Manual_Testing.xlsx","https://github.com/Hardik-1226/Bootcamp-Testing-26/blob/main/Testing-Training/Manual_Testing.xlsx","2026-07-16 23:15:25"
"Testing-Training/MCQ-Manual Testing_Solution.pdf","https://github.com/Hardik-1226/Bootcamp-Testing-26/blob/main/Testing-Training/MCQ-Manual%20Testing_Solution.pdf","2026-07-16 23:01:16"
"Testing-Training/NewTrail/pom.xml","https://github.com/Hardik-1226/Bootcamp-Testing-26/blob/main/Testing-Training/NewTrail/pom.xml","2026-07-16 15:47:30"
"Testing-Training/NewTrail/target/classes/META-INF/MANIFEST.MF","https://github.com/Hardik-1226/Bootcamp-Testing-26/blob/main/Testing-Training/NewTrail/target/classes/META-INF/MANIFEST.MF","2026-07-16 15:47:30"
"Testing-Training/NewTrail/target/classes/META-INF/maven/NewTrail/NewTrail/pom.properties","https://github.com/Hardik-1226/Bootcamp-Testing-26/blob/main/Testing-Training/NewTrail/target/classes/META-INF/maven/NewTrail/NewTrail/pom.properties","2026-07-16 15:47:30"
"Testing-Training/NewTrail/target/classes/META-INF/maven/NewTrail/NewTrail/pom.xml","https://github.com/Hardik-1226/Bootcamp-Testing-26/blob/main/Testing-Training/NewTrail/target/classes/META-INF/maven/NewTrail/NewTrail/pom.xml","2026-07-16 15:47:30"
"Testing-Training/Notes_Testing 3976ef321036802fb80fe2c702ed5bda.md","https://github.com/Hardik-1226/Bootcamp-Testing-26/blob/main/Testing-Training/Notes_Testing%203976ef321036802fb80fe2c702ed5bda.md","2026-07-16 15:47:30"
"Testing-Training/Notes_Testing_Coforge.pdf","https://github.com/Hardik-1226/Bootcamp-Testing-26/blob/main/Testing-Training/Notes_Testing_Coforge.pdf","2026-07-16 23:23:14"
"Testing-Training/README.md","https://github.com/Hardik-1226/Bootcamp-Testing-26/blob/main/Testing-Training/README.md","2026-07-16 15:47:30"
"Testing-Training/selenium web driver to launch chorme/bin/com/seleniumchormewebdriver/Example/ChromeBrowserTest.class","https://github.com/Hardik-1226/Bootcamp-Testing-26/blob/main/Testing-Training/selenium%20web%20driver%20to%20launch%20chorme/bin/com/seleniumchormewebdriver/Example/ChromeBrowserTest.class","2026-07-16 15:47:30"
"Testing-Training/selenium web driver to launch chorme/src/com/seleniumchormewebdriver/Example/ChromeBrowserTest.java","https://github.com/Hardik-1226/Bootcamp-Testing-26/blob/main/Testing-Training/selenium%20web%20driver%20to%20launch%20chorme/src/com/seleniumchormewebdriver/Example/ChromeBrowserTest.java","2026-07-16 15:47:30"
"Testing-Training/src/com/seleniumchormewebdriver/Example/ChromeBrowserTest.java","https://github.com/Hardik-1226/Bootcamp-Testing-26/blob/main/Testing-Training/src/com/seleniumchormewebdriver/Example/ChromeBrowserTest.java","2026-07-16 15:47:30"
"Testing-Training/State_Transition_Table_Hardik.pdf","https://github.com/Hardik-1226/Bootcamp-Testing-26/blob/main/Testing-Training/State_Transition_Table_Hardik.pdf","2026-07-06 09:23:52"
"Testing-Training/State_Transition_Table_Underrated_Companies (1).pdf","https://github.com/Hardik-1226/Bootcamp-Testing-26/blob/main/Testing-Training/State_Transition_Table_Underrated_Companies%20(1).pdf","2026-07-06 09:24:30"
"Testing-Training/Team5_Waterfall_Model_SDLC.pdf","https://github.com/Hardik-1226/Bootcamp-Testing-26/blob/main/Testing-Training/Team5_Waterfall_Model_SDLC.pdf","2026-07-03 11:21:56"
"Testing-Training/Testplan_Updated.pdf","https://github.com/Hardik-1226/Bootcamp-Testing-26/blob/main/Testing-Training/Testplan_Updated.pdf","2026-07-02 16:23:56"
